{
    "classification_report": {
        "0": {
            "precision": 0.8703703703703703,
            "recall": 1.0,
            "f1-score": 0.9306930693069307,
            "support": 47.0
        },
        "1": {
            "precision": 1.0,
            "recall": 0.8636363636363636,
            "f1-score": 0.926829268292683,
            "support": 44.0
        },
        "2": {
            "precision": 0.9423076923076923,
            "recall": 1.0,
            "f1-score": 0.9702970297029703,
            "support": 49.0
        },
        "3": {
            "precision": 0.9761904761904762,
            "recall": 0.8367346938775511,
            "f1-score": 0.9010989010989011,
            "support": 49.0
        },
        "4": {
            "precision": 0.9607843137254902,
            "recall": 0.9423076923076923,
            "f1-score": 0.9514563106796117,
            "support": 52.0
        },
        "5": {
            "precision": 0.9019607843137255,
            "recall": 0.9787234042553191,
            "f1-score": 0.9387755102040817,
            "support": 47.0
        },
        "accuracy": 0.9375,
        "macro avg": {
            "precision": 0.9419356061512926,
            "recall": 0.9369003590128212,
            "f1-score": 0.9365250148808629,
            "support": 288.0
        },
        "weighted avg": {
            "precision": 0.9418984681954454,
            "recall": 0.9375,
            "f1-score": 0.9368737493282191,
            "support": 288.0
        }
    },
    "accuracy": 0.9375,
    "AUC": 0.9984390938833577
}